{
    "wig20_CDR": "wig20_CDR",
    "PCA": {
        "training_time_seconds": 0.0036312289885245264,
        "prediction_time_seconds": 0.0323828,
        "Max_absolute_error": 3.871384552243125,
        "Min_absolute_error": -1.6031154819603266,
        "Mean_absolute_error": 0.024860066787563785,
        "Median_absolute_error": 0.009086656497887535,
        "Max_relative_error": 0.17010943537903372,
        "Min_relative_error": -0.15972627788022206,
        "Mean_relative_error": 0.0013426215355525455,
        "Median_relative_error": 0.0008285197415673694,
        "Mean_square_error": 0.0823779412487113
    },
    "Svm": {
        "training_time_seconds": 0.03595982299884781,
        "prediction_time_seconds": 0.0323828,
        "Max_absolute_error": 21.043515516341465,
        "Min_absolute_error": -0.8068054579597357,
        "Mean_absolute_error": 5.497491897147797,
        "Median_absolute_error": 0.4015109135354811,
        "Max_relative_error": 0.8160006947388174,
        "Min_relative_error": -0.17113019846655045,
        "Mean_relative_error": 0.33243793803394106,
        "Median_relative_error": 0.07477341183068584,
        "Mean_square_error": 68.16288951672936
    },
    "QPCA": {
        "training_time_seconds": 33469.27767799399,
        "prediction_time_seconds": 48593,
        "Max_absolute_error": 23.239049080168666,
        "Min_absolute_error": -0.20308422299876794,
        "Mean_absolute_error": 8.137254721627777,
        "Median_absolute_error": 6.1702273373104095,
        "Max_relative_error": 0.9011365130394309,
        "Min_relative_error": -0.06482349244106635,
        "Mean_relative_error": 0.6699310776529449,
        "Median_relative_error": 0.706807132963265,
        "Mean_square_error": 100.01658686913811
    },
    "QSvm": {
        "training_time_seconds": 57533.81753966003,
        "prediction_time_seconds": 18952,
        "Max_absolute_error": 23.34377334096459,
        "Min_absolute_error": -0.5544423150355273,
        "Mean_absolute_error": 7.976485886036028,
        "Median_absolute_error": 6.78757285376756,
        "Max_relative_error": 1.0845794468930592,
        "Min_relative_error": -0.15903779011583496,
        "Mean_relative_error": 0.6666493980791045,
        "Median_relative_error": 0.7577556956186189,
        "Mean_square_error": 94.84658184332866
    }
}
